"TERYT Gminy";"Gmina";"Powiat";"Województwo";"Liczba komisji";"Liczba uwzględnionych komisji";"BLUJ Maciej - KW BEZPARTYJNI SAMORZĄDOWCY";"MAKOWIECKA-GRANATOWSKA Ewa - KW BEZPARTYJNI SAMORZĄDOWCY";"SZEWCZYK Łukasz Leszek - KW BEZPARTYJNI SAMORZĄDOWCY";"MAZANOVA Olena - KW BEZPARTYJNI SAMORZĄDOWCY";"KASPEREK Krzysztof Andrzej - KW BEZPARTYJNI SAMORZĄDOWCY";"DROBISZ Alicja - KW BEZPARTYJNI SAMORZĄDOWCY";"NOWACKA Monika Magdalena - KW BEZPARTYJNI SAMORZĄDOWCY";"BĘBENEK Daria Weronika - KW BEZPARTYJNI SAMORZĄDOWCY";"KACZYŃSKA Marta - KW BEZPARTYJNI SAMORZĄDOWCY";"RUSINEK Michał Jakub - KW BEZPARTYJNI SAMORZĄDOWCY";"PATOŁA Mirosław Sebastian - KW BEZPARTYJNI SAMORZĄDOWCY";"PAPKALA Mateusz Józef - KW BEZPARTYJNI SAMORZĄDOWCY";"LABURDA-TOMCZYK Marta Magdalena - KW BEZPARTYJNI SAMORZĄDOWCY";"BEDNAREK Grzegorz Paweł - KW BEZPARTYJNI SAMORZĄDOWCY";"TEICHMANN Bernard Andrzej - KW BEZPARTYJNI SAMORZĄDOWCY";"CHUCHLA Wojciech Jerzy - KW BEZPARTYJNI SAMORZĄDOWCY";"URBANEK Maja Gracjana - KW BEZPARTYJNI SAMORZĄDOWCY";"ROGUŁA Jacek - KW BEZPARTYJNI SAMORZĄDOWCY";"SAKOWSKA Marta Katarzyna - KW BEZPARTYJNI SAMORZĄDOWCY";"WLOKA Joanna Małgorzata - KW BEZPARTYJNI SAMORZĄDOWCY";"ALTUFIEVA Oleksandra - KW BEZPARTYJNI SAMORZĄDOWCY";"ZAWIS Radosław Paweł - KW BEZPARTYJNI SAMORZĄDOWCY";"DWORACZEK Urszula Maria - KW BEZPARTYJNI SAMORZĄDOWCY";"POŁONECKI Stefan Walenty - KW BEZPARTYJNI SAMORZĄDOWCY";"GOMOŁA Adam Michał - KKW TRZECIA DROGA PSL-PL2050 SZYMONA HOŁOWNI";"OSZAŃCA Marcin Krzysztof - KKW TRZECIA DROGA PSL-PL2050 SZYMONA HOŁOWNI";"SITNIK Piotr - KKW TRZECIA DROGA PSL-PL2050 SZYMONA HOŁOWNI";"KONOPKA Antoni Jacek - KKW TRZECIA DROGA PSL-PL2050 SZYMONA HOŁOWNI";"RAKOCZY Stanisław - KKW TRZECIA DROGA PSL-PL2050 SZYMONA HOŁOWNI";"KONCEWICZ Dorota - KKW TRZECIA DROGA PSL-PL2050 SZYMONA HOŁOWNI";"HARTMAN Waldemar Paweł - KKW TRZECIA DROGA PSL-PL2050 SZYMONA HOŁOWNI";"KAŁWAK Leszek - KKW TRZECIA DROGA PSL-PL2050 SZYMONA HOŁOWNI";"FETTAS-PAWELEC Anna Maria - KKW TRZECIA DROGA PSL-PL2050 SZYMONA HOŁOWNI";"WICIAK Tomasz Paweł - KKW TRZECIA DROGA PSL-PL2050 SZYMONA HOŁOWNI";"FOLP Szymon Jakub - KKW TRZECIA DROGA PSL-PL2050 SZYMONA HOŁOWNI";"ZAJĄC Barbara - KKW TRZECIA DROGA PSL-PL2050 SZYMONA HOŁOWNI";"TELESZ Janusz Mariusz - KKW TRZECIA DROGA PSL-PL2050 SZYMONA HOŁOWNI";"FORNAL Leszek Janusz - KKW TRZECIA DROGA PSL-PL2050 SZYMONA HOŁOWNI";"STRÓŻYK Mateusz Jan - KKW TRZECIA DROGA PSL-PL2050 SZYMONA HOŁOWNI";"KOCHAN Helena Maria - KKW TRZECIA DROGA PSL-PL2050 SZYMONA HOŁOWNI";"FRYC Dorota - KKW TRZECIA DROGA PSL-PL2050 SZYMONA HOŁOWNI";"GAJDA Ryszard Jan - KKW TRZECIA DROGA PSL-PL2050 SZYMONA HOŁOWNI";"KOSIŃSKA-BARDON Urszula - KKW TRZECIA DROGA PSL-PL2050 SZYMONA HOŁOWNI";"KRZYWOŃ Jarosław Marek - KKW TRZECIA DROGA PSL-PL2050 SZYMONA HOŁOWNI";"WOŹNIAK Paweł Kryspin - KKW TRZECIA DROGA PSL-PL2050 SZYMONA HOŁOWNI";"RUDZIEWICZ Jolanta Cecylia - KKW TRZECIA DROGA PSL-PL2050 SZYMONA HOŁOWNI";"BOJAR Ewa Stanisława - KKW TRZECIA DROGA PSL-PL2050 SZYMONA HOŁOWNI";"RYGAS Dorota Czesława - KKW TRZECIA DROGA PSL-PL2050 SZYMONA HOŁOWNI";"ZAWISZA Marcelina Monika - KW NOWA LEWICA";"KALINOWSKI Michał Piotr - KW NOWA LEWICA";"KAMPA Paweł Jan - KW NOWA LEWICA";"JAROŃSKA Kamila Maria - KW NOWA LEWICA";"RAJCHEL Wojciech Jan - KW NOWA LEWICA";"ARFAN Natalia Irena - KW NOWA LEWICA";"JANICZAK Grzegorz Jan - KW NOWA LEWICA";"JURCZYK-MIŻEJEWSKA Anna Maria - KW NOWA LEWICA";"MOTŁOCH Magdalena - KW NOWA LEWICA";"PRZYSTAJKO Jerzy - KW NOWA LEWICA";"KACZOR Maciej - KW NOWA LEWICA";"SŁAWSKA Katarzyna Elżbieta - KW NOWA LEWICA";"WODNICKA Agnieszka Teresa - KW NOWA LEWICA";"ROGALSKA Ewa Magdalena - KW NOWA LEWICA";"CHODOROWSKI Aleksander Janusz - KW NOWA LEWICA";"WILK Krystyna - KW NOWA LEWICA";"OCHMAN Jerzy Antoni - KW NOWA LEWICA";"TOBIAS Anna Magdalena - KW NOWA LEWICA";"MALKUSZ Natalia Maria - KW NOWA LEWICA";"STODULSKI Bartosz - KW NOWA LEWICA";"PELJAN Piotr Damian - KW NOWA LEWICA";"MENZLER Kewin Jerzy - KW NOWA LEWICA";"MUCHA Paweł Józef - KW NOWA LEWICA";"GRYGIEL Zdzisław Witold - KW NOWA LEWICA";"KUKIZ Paweł Piotr - KW PRAWO I SPRAWIEDLIWOŚĆ";"OCIEPA Marcin Michał - KW PRAWO I SPRAWIEDLIWOŚĆ";"CZOCHARA Katarzyna Beata - KW PRAWO I SPRAWIEDLIWOŚĆ";"KOWALSKI Janusz Marcin - KW PRAWO I SPRAWIEDLIWOŚĆ";"POROWSKA Violetta Teresa - KW PRAWO I SPRAWIEDLIWOŚĆ";"KŁOSOWSKI Sławomir - KW PRAWO I SPRAWIEDLIWOŚĆ";"KRUCZKIEWICZ Andrzej Leszek - KW PRAWO I SPRAWIEDLIWOŚĆ";"OGNISTY Tomasz Szczepan - KW PRAWO I SPRAWIEDLIWOŚĆ";"TRZASKAWSKA Danuta Iwona - KW PRAWO I SPRAWIEDLIWOŚĆ";"BORTNICZUK Grażyna - KW PRAWO I SPRAWIEDLIWOŚĆ";"KOLBEK Dariusz Stanisław - KW PRAWO I SPRAWIEDLIWOŚĆ";"KUKOLKA-BOGOCZ Katarzyna Krystyna - KW PRAWO I SPRAWIEDLIWOŚĆ";"RYNKIEWICZ Mirosław - KW PRAWO I SPRAWIEDLIWOŚĆ";"MIROWSKA Anna Urszula - KW PRAWO I SPRAWIEDLIWOŚĆ";"SZUSTAKIEWICZ Dominik Karol - KW PRAWO I SPRAWIEDLIWOŚĆ";"BOSOWSKI Damian Zygmunt - KW PRAWO I SPRAWIEDLIWOŚĆ";"CZUBAK Adrian Bogdan - KW PRAWO I SPRAWIEDLIWOŚĆ";"JARMUSZEWSKA Barbara Janina - KW PRAWO I SPRAWIEDLIWOŚĆ";"BILIŃSKI Szymon Michał - KW PRAWO I SPRAWIEDLIWOŚĆ";"BOCZEK Sylwia Katarzyna - KW PRAWO I SPRAWIEDLIWOŚĆ";"KAWA Marek - KW PRAWO I SPRAWIEDLIWOŚĆ";"GRZEBIŃSKA Anna - KW PRAWO I SPRAWIEDLIWOŚĆ";"NIECKARZ Mariusz Stanisław - KW PRAWO I SPRAWIEDLIWOŚĆ";"KOMARZYŃSKI Wojciech Stanisław - KW PRAWO I SPRAWIEDLIWOŚĆ";"SKALIK Włodzimierz Bogdan - KW KONFEDERACJA WOLNOŚĆ I NIEPODLEGŁOŚĆ";"SZKARUPSKI Daniel - KW KONFEDERACJA WOLNOŚĆ I NIEPODLEGŁOŚĆ";"BARTNIK Longin - KW KONFEDERACJA WOLNOŚĆ I NIEPODLEGŁOŚĆ";"SUŁEK Anna Maria - KW KONFEDERACJA WOLNOŚĆ I NIEPODLEGŁOŚĆ";"ZAKRZEWSKA Iwona Karolina - KW KONFEDERACJA WOLNOŚĆ I NIEPODLEGŁOŚĆ";"WOJTASIK Piotr Radosław - KW KONFEDERACJA WOLNOŚĆ I NIEPODLEGŁOŚĆ";"PUK Bartosz Adam - KW KONFEDERACJA WOLNOŚĆ I NIEPODLEGŁOŚĆ";"GRENDA Patryk Mateusz - KW KONFEDERACJA WOLNOŚĆ I NIEPODLEGŁOŚĆ";"KWIECIŃSKA Jolanta Halina - KW KONFEDERACJA WOLNOŚĆ I NIEPODLEGŁOŚĆ";"JAKUBÓW Janusz Antoni - KW KONFEDERACJA WOLNOŚĆ I NIEPODLEGŁOŚĆ";"KUBICKA Ewa Maria - KW KONFEDERACJA WOLNOŚĆ I NIEPODLEGŁOŚĆ";"LICZBIŃSKI Przemysław Jan - KW KONFEDERACJA WOLNOŚĆ I NIEPODLEGŁOŚĆ";"JASTRZĘBSKA Anna Maria - KW KONFEDERACJA WOLNOŚĆ I NIEPODLEGŁOŚĆ";"RYBCZYŃSKI Mariusz Grzegorz - KW KONFEDERACJA WOLNOŚĆ I NIEPODLEGŁOŚĆ";"PAWLAK Mateusz Tomasz - KW KONFEDERACJA WOLNOŚĆ I NIEPODLEGŁOŚĆ";"RESZKA Marta Justyna - KW KONFEDERACJA WOLNOŚĆ I NIEPODLEGŁOŚĆ";"ADAMCZAK Barbara Grażyna - KW KONFEDERACJA WOLNOŚĆ I NIEPODLEGŁOŚĆ";"ATŁACHOWICZ Wiesława Iwona - KW KONFEDERACJA WOLNOŚĆ I NIEPODLEGŁOŚĆ";"LICZBIŃSKA Aneta Iwona - KW KONFEDERACJA WOLNOŚĆ I NIEPODLEGŁOŚĆ";"LACH Bartłomiej Michał - KW KONFEDERACJA WOLNOŚĆ I NIEPODLEGŁOŚĆ";"BOGDALI Mateusz Piotr - KW KONFEDERACJA WOLNOŚĆ I NIEPODLEGŁOŚĆ";"ŻUREK Ewa Maria - KW KONFEDERACJA WOLNOŚĆ I NIEPODLEGŁOŚĆ";"GACZYŃSKI Dawid Michał - KW KONFEDERACJA WOLNOŚĆ I NIEPODLEGŁOŚĆ";"UCIEKLAK Jarosław Andrzej - KW KONFEDERACJA WOLNOŚĆ I NIEPODLEGŁOŚĆ";"SIEMONIAK Tomasz - KKW KOALICJA OBYWATELSKA PO .N IPL ZIELONI";"JAZŁOWIECKA Danuta - KKW KOALICJA OBYWATELSKA PO .N IPL ZIELONI";"ZEMBACZYŃSKI Witold Maciej - KKW KOALICJA OBYWATELSKA PO .N IPL ZIELONI";"JUREK Monika Małgorzata - KKW KOALICJA OBYWATELSKA PO .N IPL ZIELONI";"MILLER Rajmund Tadeusz - KKW KOALICJA OBYWATELSKA PO .N IPL ZIELONI";"KAMIŃSKA Barbara Ewa - KKW KOALICJA OBYWATELSKA PO .N IPL ZIELONI";"MASEŁKO Paweł Jan - KKW KOALICJA OBYWATELSKA PO .N IPL ZIELONI";"OGŁAZA Szymon Przemysław - KKW KOALICJA OBYWATELSKA PO .N IPL ZIELONI";"WILCZYŃSKI Ryszard Jan - KKW KOALICJA OBYWATELSKA PO .N IPL ZIELONI";"GRONEK-KAŁUŻA Ludwika Anna - KKW KOALICJA OBYWATELSKA PO .N IPL ZIELONI";"GABRUK Agnieszka - KKW KOALICJA OBYWATELSKA PO .N IPL ZIELONI";"NOWAK Artur - KKW KOALICJA OBYWATELSKA PO .N IPL ZIELONI";"MICHAŁEK Krzysztof Paweł - KKW KOALICJA OBYWATELSKA PO .N IPL ZIELONI";"GĄDEK-RADWANOWSKA Marzanna Aleksandra - KKW KOALICJA OBYWATELSKA PO .N IPL ZIELONI";"SOCZYŃSKI Piotr Bogdan - KKW KOALICJA OBYWATELSKA PO .N IPL ZIELONI";"MIELEC Piotr - KKW KOALICJA OBYWATELSKA PO .N IPL ZIELONI";"ŁUCZKIEWICZ Lilianna Irena - KKW KOALICJA OBYWATELSKA PO .N IPL ZIELONI";"ŻYŁKA Janusz Piotr - KKW KOALICJA OBYWATELSKA PO .N IPL ZIELONI";"GODYLA Szymon Piotr - KKW KOALICJA OBYWATELSKA PO .N IPL ZIELONI";"RUDY Dragomir Antoni - KKW KOALICJA OBYWATELSKA PO .N IPL ZIELONI";"SZYMKOWICZ Alicja Teresa - KKW KOALICJA OBYWATELSKA PO .N IPL ZIELONI";"KOCZUR Paulina Marta - KKW KOALICJA OBYWATELSKA PO .N IPL ZIELONI";"KUBALAŃCA Leokadia Albina - KKW KOALICJA OBYWATELSKA PO .N IPL ZIELONI";"KOSTUŚ Tomasz Tadeusz - KKW KOALICJA OBYWATELSKA PO .N IPL ZIELONI";"SZKODA Marcin Mikołaj - KW POLSKA JEST JEDNA";"BASZOWIECKA-ZIÓŁKOWSKA Ewelina Helena - KW POLSKA JEST JEDNA";"OŻÓG Tadeusz - KW POLSKA JEST JEDNA";"LASZCZAK Wanda - KW POLSKA JEST JEDNA";"GARBACZ Piotr Tomasz - KW POLSKA JEST JEDNA";"NIEDWOROK Marcin Werner - KW POLSKA JEST JEDNA";"ADAMOWICZ Mieczysław - KW POLSKA JEST JEDNA";"KUROPATWA Monika Katarzyna - KW POLSKA JEST JEDNA";"KOCIOŁEK Krzysztof - KW POLSKA JEST JEDNA";"BEDNARZ Łukasz - KW POLSKA JEST JEDNA";"STANKIEWICZ Krystyna - KW POLSKA JEST JEDNA";"WARZYC Kornelia Lidia - KW POLSKA JEST JEDNA";"BEDNARZ Agnieszka Kamila - KW POLSKA JEST JEDNA";"KAMIENIK Agnieszka - KW POLSKA JEST JEDNA";"WENCEL Adrian Mateusz - KW POLSKA JEST JEDNA";"GÓRNICKA Aldona Maria - KW POLSKA JEST JEDNA";"GALLA Ryszard Jerzy - KWW MNIEJSZOŚĆ NIEMIECKA";"BARTEK Rafał Jan - KWW MNIEJSZOŚĆ NIEMIECKA";"DONATH-KASIURA Zuzanna Teresa - KWW MNIEJSZOŚĆ NIEMIECKA";"GOLA Edyta Maria - KWW MNIEJSZOŚĆ NIEMIECKA";"KUS Sylwia Joanna - KWW MNIEJSZOŚĆ NIEMIECKA";"RASCH Norbert Józef - KWW MNIEJSZOŚĆ NIEMIECKA";"GACH Diana Barbara - KWW MNIEJSZOŚĆ NIEMIECKA";"SIANO Janusz Jerzy - KWW MNIEJSZOŚĆ NIEMIECKA";"KASPRZYK Anna Maria - KWW MNIEJSZOŚĆ NIEMIECKA";"HUTSCH Damian Józef - KWW MNIEJSZOŚĆ NIEMIECKA";"WIECZOREK Natalia Agnieszka - KWW MNIEJSZOŚĆ NIEMIECKA";"PANKALA Jan - KWW MNIEJSZOŚĆ NIEMIECKA";"ZGORZELSKA Róża Maria - KWW MNIEJSZOŚĆ NIEMIECKA";"GRACA Krzysztof - KWW MNIEJSZOŚĆ NIEMIECKA";"WENZEL Justyna Anna - KWW MNIEJSZOŚĆ NIEMIECKA";"CIEPLIK Kryspin Tomasz - KWW MNIEJSZOŚĆ NIEMIECKA";"SIKORA Maria Jolanta - KWW MNIEJSZOŚĆ NIEMIECKA";"REINERT Krzysztof - KWW MNIEJSZOŚĆ NIEMIECKA";"LANGER Aneta Maria - KWW MNIEJSZOŚĆ NIEMIECKA";"ŚWIERC Joachim Alfred - KWW MNIEJSZOŚĆ NIEMIECKA";"WILK Renata Jadwiga - KWW MNIEJSZOŚĆ NIEMIECKA";"GIELZOK Waldemar Jan - KWW MNIEJSZOŚĆ NIEMIECKA";"LABISZ Brygida Barbara - KWW MNIEJSZOŚĆ NIEMIECKA";"KOLEK Roman Jacek - KWW MNIEJSZOŚĆ NIEMIECKA"
160101;"m. Brzeg";"brzeski";"opolskie";24;24;60;19;11;1;16;7;21;9;11;4;6;7;2;31;4;4;8;8;7;3;0;2;8;19;769;211;116;78;92;161;46;18;31;13;13;98;5;47;13;35;39;12;30;9;31;9;19;26;846;81;52;63;15;18;77;26;21;27;12;32;21;28;5;47;19;19;8;8;1;8;8;26;2309;1641;516;387;231;93;16;14;44;21;8;7;12;9;8;4;6;11;9;13;35;14;2;714;518;64;52;81;53;33;11;13;23;214;41;8;12;15;19;10;8;3;9;15;2;23;5;16;1946;364;513;2946;283;98;62;31;81;25;75;24;28;18;9;33;6;7;72;19;14;21;10;319;150;29;11;13;5;3;11;6;8;4;10;0;11;4;2;8;8;3;4;0;0;1;0;0;0;3;0;0;0;3;1;0;0;1;1;1;1;1;2;3
160102;"gm. Skarbimierz";"brzeski";"opolskie";13;13;26;5;3;4;3;10;7;8;1;6;1;0;2;3;1;0;1;2;0;0;1;1;2;4;227;78;32;26;38;47;14;9;7;2;4;33;4;17;7;11;8;4;4;2;8;1;10;10;173;12;8;9;5;2;15;7;9;4;2;8;7;11;1;13;3;6;5;1;0;3;4;3;690;570;113;84;101;27;2;2;6;5;2;1;2;9;1;2;4;3;3;5;3;6;0;121;193;31;8;29;12;8;2;9;7;62;8;7;8;3;4;5;3;1;2;6;1;11;4;3;355;77;82;605;44;29;20;9;8;6;21;9;8;6;2;1;3;6;16;6;4;4;1;71;40;13;8;2;3;2;5;1;1;2;1;3;2;0;0;1;4;0;1;1;0;0;0;0;0;0;0;1;0;0;0;0;0;1;0;0;0;0;1;0
160103;"gm. Grodków";"brzeski";"opolskie";31;31;32;14;8;0;9;10;7;6;14;3;2;1;1;7;0;3;2;4;2;2;1;2;2;9;248;195;87;150;49;66;13;8;11;6;2;46;2;23;5;9;18;8;11;1;10;6;6;10;311;34;16;33;11;3;154;14;14;6;15;2;11;13;3;17;5;10;2;4;3;7;6;5;1023;1047;351;220;114;46;16;12;765;27;5;4;9;3;4;3;5;1;5;10;12;4;2;44;263;48;28;65;25;31;12;13;11;39;15;3;11;7;19;3;5;3;1;4;1;19;5;3;1045;174;273;349;239;85;33;25;14;7;37;19;19;8;2;13;10;7;7;8;6;9;3;433;43;8;3;5;1;1;3;2;1;4;7;3;3;4;1;4;5;3;1;0;0;1;1;0;1;1;2;0;0;0;1;0;1;0;0;1;2;0;0;2
160104;"gm. Lewin Brzeski";"brzeski";"opolskie";15;15;34;10;7;3;6;14;6;2;4;1;2;0;0;7;0;0;2;3;2;1;0;2;2;4;213;116;17;46;24;36;7;7;3;2;6;23;2;311;3;7;9;4;3;4;2;6;6;9;265;21;23;16;5;5;28;5;7;2;6;6;7;11;2;64;5;4;3;2;1;3;1;4;1184;478;117;167;288;43;6;1;14;8;0;2;8;9;2;4;2;2;2;5;11;5;1;69;250;30;29;47;18;27;5;13;9;16;14;4;12;6;14;4;3;2;3;6;3;15;2;3;492;153;456;262;23;37;29;36;24;3;54;11;10;2;6;23;6;3;15;6;7;6;1;149;53;8;5;12;7;3;2;5;4;1;4;5;1;1;1;5;7;3;0;2;1;0;3;0;2;1;2;0;0;0;1;0;2;0;0;0;3;0;0;1
160105;"gm. Lubsza";"brzeski";"opolskie";11;11;16;10;7;1;6;6;3;2;4;0;0;0;2;8;1;0;0;3;0;3;2;1;4;8;199;65;20;35;23;35;25;5;7;7;4;29;0;15;1;4;18;9;11;2;6;3;8;16;157;7;6;11;0;6;6;14;7;6;4;1;6;12;3;9;1;3;3;1;0;2;2;2;753;600;118;77;84;16;4;0;15;8;3;1;1;2;1;1;1;0;0;5;2;5;0;159;153;24;9;23;11;5;4;7;6;35;10;4;5;0;3;2;2;0;0;7;0;7;4;5;382;69;122;563;36;38;19;7;17;3;30;6;8;3;2;6;1;3;15;6;8;4;4;51;66;6;3;2;0;0;5;3;1;15;3;0;3;1;2;1;8;0;0;0;1;0;1;1;0;0;0;0;1;1;0;0;0;0;0;0;0;0;0;1
160106;"gm. Olszanka";"brzeski";"opolskie";10;10;10;3;2;1;4;3;2;1;2;1;0;0;0;0;0;1;1;0;0;2;1;0;2;2;91;36;11;30;21;22;7;5;1;2;1;10;2;38;2;5;8;1;1;0;3;2;1;3;89;6;4;4;1;5;6;5;3;7;1;1;3;3;1;7;2;1;0;1;1;1;0;2;463;404;102;56;50;8;4;4;14;6;5;1;4;1;0;3;0;0;3;2;3;2;0;115;94;17;10;17;9;4;1;4;7;30;10;0;5;2;3;4;0;0;2;3;2;14;0;8;162;32;57;245;6;17;5;7;5;0;7;4;2;1;1;4;1;2;3;3;1;0;4;22;17;11;3;1;2;0;5;0;1;3;3;1;1;0;3;3;2;1;0;0;0;0;0;0;0;0;0;0;0;0;0;0;0;0;0;0;0;1;0;0
160201;"gm. Baborów";"głubczycki";"opolskie";10;10;6;5;3;2;0;1;2;2;4;0;0;1;2;1;1;2;2;3;2;0;0;0;2;2;78;39;16;9;11;5;4;3;5;2;26;17;7;0;2;5;2;2;4;0;3;1;2;4;68;11;9;5;3;2;4;2;4;1;2;2;3;10;2;1;3;4;1;0;0;1;1;3;248;718;60;96;50;31;4;28;2;5;3;1;1;6;2;7;4;1;4;3;4;1;2;9;94;23;3;8;9;5;3;8;3;2;5;1;2;2;6;0;2;2;1;11;0;1;4;1;222;46;102;6;5;11;18;3;6;0;4;4;4;7;195;1;2;7;14;3;1;2;0;39;21;5;0;6;0;2;5;7;2;1;3;0;0;0;0;2;14;3;4;0;0;3;4;1;0;0;1;0;2;1;0;0;1;0;2;0;0;0;0;2
160202;"gm. Branice";"głubczycki";"opolskie";13;13;12;1;4;1;2;3;4;2;6;4;3;0;3;5;1;54;1;2;2;0;0;1;2;1;91;69;7;15;18;10;5;3;4;4;4;10;1;3;3;1;9;2;2;0;3;4;1;3;112;23;4;14;4;3;6;5;3;2;10;3;2;8;2;2;2;1;1;2;0;2;2;2;323;526;170;172;41;84;7;78;7;9;1;2;3;11;3;5;3;1;4;7;4;6;2;10;72;14;3;9;8;2;2;1;5;4;5;2;2;1;3;3;2;13;1;3;0;0;5;1;204;37;62;5;7;11;12;11;7;2;7;14;3;4;386;5;1;4;11;6;2;1;1;17;17;4;3;11;2;0;7;2;2;1;4;1;2;1;1;0;5;1;1;0;0;0;0;0;0;0;0;1;0;0;0;1;0;0;0;0;0;0;0;3
160203;"gm. Głubczyce";"głubczycki";"opolskie";28;28;30;12;15;6;3;8;6;3;16;3;6;0;0;4;2;9;3;7;7;4;1;2;3;7;322;166;53;42;45;47;11;4;6;41;5;28;5;12;4;14;14;5;7;3;5;4;7;16;288;31;15;15;10;5;16;13;7;4;6;11;9;14;2;21;2;4;6;2;0;7;3;5;1169;936;969;1005;225;103;13;87;26;30;21;7;7;26;7;22;5;4;16;12;28;5;4;33;311;58;27;38;25;10;11;9;11;17;13;6;9;8;4;4;2;7;1;8;1;4;8;2;601;77;315;17;20;30;21;19;14;3;14;6;11;7;2393;4;1;7;19;14;3;5;1;66;79;15;7;15;7;2;13;8;3;5;3;4;2;2;4;5;10;2;3;0;1;1;0;3;0;1;1;0;0;2;0;0;1;1;0;0;0;0;3;4
160204;"gm. Kietrz";"głubczycki";"opolskie";13;13;30;6;5;2;4;4;6;4;4;0;6;1;1;6;0;5;2;3;0;4;1;1;2;1;221;99;21;31;34;29;5;3;2;3;6;22;2;5;4;8;6;6;9;0;3;3;3;3;149;19;19;13;7;6;9;3;6;3;4;7;3;15;1;7;3;2;5;2;0;8;3;5;382;951;71;159;105;63;6;391;9;6;5;2;3;20;1;100;2;4;1;7;3;1;3;4;158;31;23;28;20;9;5;7;6;8;11;2;8;4;11;5;1;2;0;41;2;4;2;0;430;65;89;21;13;21;26;8;39;6;6;10;6;7;613;1;6;1;23;2;4;5;4;14;34;5;6;8;5;2;5;5;2;11;2;1;0;1;1;2;4;1;0;0;0;0;0;0;1;0;1;0;0;0;0;1;1;1;1;2;0;0;0;0
160301;"m. Kędzierzyn-Koźle";"kędzierzyńsko-kozielski";"opolskie";36;36;104;39;29;6;8;39;24;20;17;9;9;10;14;42;1;3;11;14;15;8;3;2;13;18;1492;215;236;79;109;221;65;29;48;26;68;141;14;39;21;83;47;27;57;15;38;21;58;45;1225;79;60;83;246;25;82;40;32;17;12;23;31;75;22;40;15;123;23;10;56;15;35;12;2169;1440;1033;1203;995;174;27;27;68;101;23;229;24;24;130;18;9;7;10;23;63;15;19;45;895;73;89;102;50;37;38;18;27;13;29;7;25;13;29;7;10;4;6;16;4;23;13;28;3328;408;956;78;59;116;4920;93;62;34;39;32;230;1092;22;15;11;33;507;26;18;19;3;180;215;17;17;22;49;4;27;5;12;13;7;14;7;4;19;20;281;53;44;55;6;18;40;3;7;3;20;23;4;3;6;1;3;1;12;1;0;1;5;19
160302;"gm. Bierawa";"kędzierzyńsko-kozielski";"opolskie";9;9;16;6;5;1;3;4;1;5;0;1;0;1;3;2;1;1;2;3;1;1;1;0;4;1;207;25;34;12;27;32;8;2;3;1;9;26;5;7;3;12;6;6;3;4;3;0;2;8;102;10;9;10;11;2;11;4;10;3;3;5;3;6;3;11;0;9;7;1;0;0;2;3;243;337;107;140;85;36;5;3;5;8;6;17;1;3;9;4;6;3;2;4;4;3;4;4;131;12;11;16;4;6;5;3;3;2;5;3;2;3;6;5;3;0;2;2;2;6;0;2;372;66;76;21;7;20;338;12;8;6;13;4;45;69;0;6;3;6;48;5;4;4;1;15;41;3;5;10;6;0;7;5;4;4;2;4;3;1;0;6;87;17;5;13;1;9;2;1;2;5;2;157;2;2;0;1;0;0;12;0;2;0;2;12
160303;"gm. Cisek";"kędzierzyńsko-kozielski";"opolskie";5;5;7;2;3;0;3;1;2;0;2;1;5;2;1;0;0;0;0;2;0;2;0;0;3;2;108;14;6;3;14;10;2;5;2;7;5;9;1;2;0;3;3;4;2;0;2;2;1;2;46;10;3;4;3;1;6;0;6;0;0;1;3;2;1;6;0;4;2;1;1;3;1;1;164;193;45;55;49;19;2;6;6;7;6;5;0;4;3;1;3;0;4;2;2;2;1;1;80;12;11;6;8;7;4;3;1;0;3;0;3;1;1;0;0;2;0;1;1;3;2;2;166;30;78;5;6;13;264;3;5;5;3;5;7;12;4;3;2;5;40;1;1;0;1;15;21;1;8;0;6;2;1;1;4;2;2;1;0;2;1;2;132;39;5;11;0;12;33;0;0;0;6;6;1;0;1;0;0;1;274;1;2;1;0;12
160304;"gm. Pawłowiczki";"kędzierzyńsko-kozielski";"opolskie";10;10;21;3;6;2;4;3;5;1;5;2;1;0;1;6;3;1;3;0;2;2;0;2;4;2;112;19;8;20;13;5;1;4;6;2;69;7;3;7;3;110;3;6;3;0;0;2;1;1;74;11;8;10;5;1;2;2;4;0;1;3;4;4;0;6;2;3;1;2;0;18;6;1;262;226;111;131;85;24;6;4;8;10;1;7;0;1;4;0;1;1;5;1;10;2;2;6;95;15;10;15;9;6;4;5;6;2;5;3;1;3;7;2;1;1;2;2;1;3;2;2;237;25;69;15;7;7;303;2;12;1;4;2;8;19;13;3;2;14;42;12;2;1;1;25;16;1;3;2;4;0;3;3;0;2;0;0;3;0;3;4;170;43;10;13;4;13;49;3;2;3;13;5;18;0;3;1;0;2;8;2;0;0;1;29
160305;"gm. Polska Cerekiew";"kędzierzyńsko-kozielski";"opolskie";5;5;4;6;2;1;8;2;3;1;4;1;2;0;1;1;1;2;0;1;0;0;0;1;1;0;77;11;7;4;6;10;2;0;2;2;7;3;0;4;1;10;3;3;3;0;1;0;2;2;56;7;2;5;2;1;1;1;8;0;2;1;1;3;0;4;1;0;1;0;0;1;0;0;145;143;29;42;57;4;1;1;3;5;2;2;1;3;0;1;0;2;2;2;7;2;0;3;56;8;8;8;11;3;4;1;0;3;2;3;4;1;3;1;1;0;0;0;2;3;1;2;147;20;38;3;8;8;153;5;3;2;5;2;4;6;2;2;1;6;21;1;0;1;0;35;12;1;2;0;0;1;0;1;0;2;2;0;0;0;1;1;80;22;5;13;3;2;13;0;1;1;7;6;7;1;1;1;0;0;68;2;0;2;0;13
160306;"gm. Reńska Wieś";"kędzierzyńsko-kozielski";"opolskie";8;8;20;3;5;0;6;2;3;2;4;4;3;1;1;0;1;0;2;1;1;0;0;0;3;1;195;38;22;9;9;16;9;2;6;3;6;16;0;3;5;10;1;7;8;3;3;2;3;8;76;10;4;9;10;0;5;0;0;0;2;1;0;8;1;2;0;2;4;0;3;5;1;4;228;187;96;79;114;44;3;2;11;6;2;7;2;3;2;0;2;2;4;2;5;2;6;5;126;14;7;19;9;5;3;6;0;6;8;2;5;4;9;4;5;0;0;2;1;8;4;6;271;37;96;8;12;18;555;15;6;1;5;4;7;42;3;4;1;22;66;2;2;4;1;29;53;7;2;3;6;3;4;0;4;4;0;0;1;1;3;5;185;31;35;32;1;12;293;3;1;3;18;8;6;2;1;1;1;2;22;0;3;4;7;51
160401;"gm. Byczyna";"kluczborski";"opolskie";16;16;8;3;2;1;0;0;2;2;7;2;1;0;0;5;0;1;0;0;1;0;0;3;1;2;64;38;363;9;132;6;5;9;2;5;2;14;2;2;2;9;6;3;4;2;4;103;0;2;128;10;8;8;1;5;13;118;7;2;10;0;2;4;2;8;3;0;1;1;0;2;2;4;342;623;168;268;237;46;10;9;12;5;5;2;2;6;1;3;1;4;17;2;6;5;2;4;121;18;18;10;14;5;11;4;2;2;10;6;5;4;12;3;3;1;4;3;3;14;1;9;355;43;97;16;18;31;10;7;16;68;10;83;1;2;2;6;3;2;170;2;2;5;1;74;33;7;3;4;1;0;0;4;1;3;0;1;3;4;2;4;6;1;0;1;3;0;0;0;2;1;0;1;3;0;0;3;0;0;0;0;0;0;0;0
160402;"gm. Kluczbork";"kluczborski";"opolskie";29;29;35;11;12;0;3;11;7;4;16;6;7;1;4;8;0;1;3;6;6;0;3;3;6;9;174;53;2584;33;288;29;9;5;5;15;9;36;2;10;3;9;15;5;5;2;10;4;4;6;594;70;26;33;11;10;47;43;9;5;51;20;14;14;11;31;6;10;9;4;1;4;7;12;1272;2424;252;491;403;156;13;11;28;22;11;5;3;12;3;4;7;10;11;12;21;10;4;28;447;65;58;50;35;22;139;7;26;7;21;42;17;4;22;6;6;3;16;9;3;15;4;18;1838;197;502;74;29;67;22;36;51;654;37;955;10;14;2;12;3;8;950;9;8;6;4;399;141;18;14;14;11;2;15;6;1;11;5;4;8;7;4;8;175;40;9;2;15;4;5;3;2;11;7;4;0;1;2;230;0;0;0;2;1;2;2;9
160403;"gm. Lasowice Wielkie";"kluczborski";"opolskie";10;10;11;1;0;0;1;3;3;3;4;0;1;0;0;3;0;3;3;2;0;0;0;0;0;3;61;15;195;14;43;6;1;1;0;2;2;3;0;1;3;2;0;3;3;1;4;1;0;1;70;13;8;3;1;4;6;2;2;5;0;1;1;1;2;0;0;3;1;1;0;0;1;1;187;293;65;70;71;16;4;0;4;3;1;2;1;3;2;3;0;2;3;3;1;0;0;3;111;10;11;12;7;5;11;3;4;0;8;1;4;1;6;1;2;0;1;0;0;2;0;2;144;23;80;14;9;21;6;9;9;59;0;46;3;1;0;4;2;12;117;0;1;2;0;47;12;3;1;2;3;1;4;2;1;2;0;0;3;0;3;3;152;92;4;4;25;9;2;2;95;16;5;1;1;1;3;16;0;2;0;1;2;0;2;2
160404;"gm. Wołczyn";"kluczborski";"opolskie";15;15;16;7;2;1;2;8;3;2;4;1;2;1;2;10;2;2;1;5;2;0;1;0;6;2;136;63;380;15;126;17;3;5;2;23;2;37;1;1;6;11;13;1;9;1;4;8;2;5;177;26;7;12;3;7;7;25;3;4;10;10;5;9;0;16;4;2;1;4;0;5;2;6;432;1593;112;148;172;60;3;6;12;11;2;4;4;5;3;4;5;2;1;7;11;4;1;10;212;27;38;26;20;15;12;9;7;4;15;9;15;5;10;4;2;12;3;1;5;2;4;9;426;74;129;32;13;40;11;9;30;93;19;220;4;12;2;4;7;6;111;4;5;6;0;293;41;6;3;6;4;0;11;2;3;2;1;0;3;5;0;6;19;1;1;1;1;0;1;0;0;0;2;1;2;0;1;19;0;0;1;0;0;0;0;1
160501;"gm. Gogolin";"krapkowicki";"opolskie";12;12;23;5;8;3;2;8;4;4;11;2;2;2;3;3;0;3;1;3;0;0;0;2;10;2;762;77;16;5;19;33;15;2;5;7;3;17;1;2;7;2;7;13;5;2;6;2;3;4;205;14;21;4;4;1;8;3;8;0;4;4;5;7;1;8;0;3;9;2;1;5;3;1;356;322;197;98;83;44;7;10;12;5;6;4;1;8;4;7;4;2;3;6;34;5;0;10;191;33;17;23;9;9;2;6;2;2;7;3;5;4;9;1;2;0;0;5;2;5;2;1;546;171;333;30;13;33;35;79;53;1;20;15;8;8;3;17;6;56;103;7;5;8;0;165;37;4;22;6;10;3;7;2;0;3;2;1;0;0;5;4;192;57;187;15;4;8;7;4;2;1;2;0;3;4;0;0;2;165;0;1;0;3;8;26
160502;"gm. Krapkowice";"krapkowicki";"opolskie";19;19;39;17;14;3;6;11;20;3;6;4;20;1;3;10;2;2;4;3;6;3;0;2;3;9;1037;98;59;14;31;60;8;7;9;6;5;45;10;8;12;16;10;23;17;3;15;8;10;13;429;45;45;32;3;8;15;12;16;3;10;12;7;13;3;6;6;9;17;1;3;11;7;3;757;780;330;243;197;155;6;10;17;18;12;3;9;7;6;3;5;3;6;12;16;11;3;11;360;42;33;45;35;27;10;6;2;9;7;2;10;8;10;3;1;1;1;8;2;11;4;16;1124;410;580;40;35;76;56;113;48;3;42;18;11;8;11;23;3;119;151;25;12;8;5;518;59;22;54;10;4;2;4;3;2;3;6;0;0;2;5;3;161;53;797;4;2;10;27;3;1;12;16;2;1;6;1;0;1;10;1;2;0;5;2;18
160503;"gm. Strzeleczki";"krapkowicki";"opolskie";7;7;14;1;1;1;27;3;0;1;3;0;1;2;0;3;2;1;0;1;2;1;0;1;0;11;257;57;21;7;10;12;4;1;4;5;7;14;0;3;0;5;2;8;2;0;4;1;4;5;75;6;8;9;1;4;9;1;2;3;2;0;3;8;0;4;1;0;3;1;2;2;2;2;184;345;88;12;62;22;2;3;1;3;1;2;4;2;1;1;0;0;0;3;2;1;0;3;102;12;12;7;3;6;5;1;0;3;1;0;3;0;14;0;3;2;0;0;0;12;1;1;248;59;126;10;17;11;5;28;14;4;16;4;3;1;3;2;3;29;44;8;1;1;4;163;43;4;8;2;6;4;4;1;0;1;2;0;2;2;1;1;267;41;294;6;1;32;14;5;2;4;3;0;3;4;1;0;0;5;1;1;1;0;2;20
160504;"gm. Walce";"krapkowicki";"opolskie";8;8;10;5;0;1;2;3;1;1;2;0;0;1;1;1;2;0;0;2;2;1;0;0;3;3;175;26;14;9;5;4;1;0;1;3;0;5;0;1;2;12;1;6;2;0;1;0;3;1;45;3;3;7;2;1;2;2;0;0;2;0;1;3;0;1;2;2;2;1;1;2;0;2;133;95;67;46;51;28;2;1;2;0;2;2;2;2;0;0;0;1;0;4;4;0;0;1;72;6;6;21;2;5;3;2;3;0;2;1;1;2;2;4;1;1;2;0;0;2;1;2;167;45;68;4;12;9;68;6;6;2;3;5;2;6;1;3;4;22;59;23;2;2;3;36;12;2;7;1;2;0;1;1;1;1;0;0;0;1;1;0;138;34;191;26;1;11;60;1;0;2;226;2;1;4;0;0;1;0;0;0;0;0;3;17
160505;"gm. Zdzieszowice";"krapkowicki";"opolskie";11;11;29;16;8;3;9;16;7;4;30;7;6;2;5;7;3;2;5;7;5;0;1;1;4;3;476;73;33;22;26;70;7;2;8;12;7;33;1;8;8;9;9;11;8;1;8;5;8;19;286;23;27;22;4;8;20;12;15;3;4;6;6;9;0;13;3;7;54;3;0;3;1;1;503;351;168;244;146;55;15;7;14;15;3;7;7;8;8;6;6;5;3;5;12;9;0;6;241;27;19;28;21;14;3;4;6;6;15;2;10;4;13;3;4;4;0;1;6;4;4;5;855;203;410;44;23;51;145;91;18;8;20;19;16;54;1;12;4;35;139;10;7;4;1;99;35;2;4;7;48;2;3;3;1;6;1;3;0;3;1;3;142;41;71;61;3;4;13;0;0;0;5;1;3;7;2;1;1;1;2;1;0;3;176;8
160601;"gm. Domaszowice";"namysłowski";"opolskie";8;8;7;2;3;2;2;1;1;1;0;2;0;1;0;3;0;1;1;0;5;0;0;0;0;1;40;15;22;5;14;9;1;3;2;184;0;20;2;2;1;2;3;3;3;1;3;1;0;14;80;6;3;5;4;0;2;4;2;1;1;82;0;3;0;2;0;0;0;0;0;2;0;1;170;417;57;56;28;34;3;4;0;3;0;1;1;1;0;3;1;12;0;2;3;5;0;0;50;10;7;8;3;5;3;21;2;2;6;1;1;1;4;3;2;0;1;1;1;3;1;0;105;11;35;16;4;10;5;6;105;7;7;8;1;0;1;4;0;0;17;1;4;2;0;10;10;2;7;3;0;1;1;0;0;2;0;0;0;0;1;0;0;1;0;0;0;0;0;1;0;0;0;0;0;0;0;0;0;0;0;1;0;1;0;0
160602;"gm. Namysłów";"namysłowski";"opolskie";38;38;31;22;12;3;1;24;9;8;9;4;1;1;2;10;0;1;8;3;14;1;1;6;8;10;369;79;84;64;51;46;10;10;7;1328;7;140;7;10;6;11;19;7;9;5;12;7;4;205;679;69;22;28;14;10;29;17;12;6;8;71;13;19;12;21;15;7;13;7;4;10;12;8;1357;1713;647;675;150;69;14;14;27;19;8;10;7;20;5;7;7;210;27;10;21;14;8;46;360;43;50;45;34;24;11;284;18;9;28;4;12;7;22;8;8;2;6;7;4;22;13;14;1028;161;330;89;20;56;37;31;1799;11;25;40;26;12;6;24;14;5;94;9;12;11;2;121;78;10;1;10;8;2;10;11;13;11;8;2;6;6;0;13;10;2;0;2;3;0;0;1;1;0;1;2;0;0;0;0;1;0;0;0;0;0;0;0
160603;"gm. Pokój";"namysłowski";"opolskie";11;11;7;1;1;0;5;1;4;3;1;1;1;0;2;4;0;0;1;1;1;1;0;2;0;2;39;48;14;2;16;9;2;4;0;13;1;260;1;1;0;2;2;2;1;3;0;1;1;8;78;10;8;12;1;2;4;3;1;1;3;3;2;3;3;2;0;2;3;1;1;3;0;1;254;226;84;69;44;23;2;6;8;3;1;3;1;3;1;1;1;5;2;4;3;5;0;9;50;11;9;5;4;3;4;21;3;2;5;1;5;0;1;2;2;0;1;1;3;1;1;3;221;44;117;10;8;21;7;22;152;6;23;3;3;1;2;1;2;3;14;6;1;6;1;51;22;2;1;3;0;1;4;1;0;1;0;7;1;1;4;3;27;10;4;3;2;1;0;0;0;1;0;0;0;0;0;2;0;0;0;0;5;0;0;2
160604;"gm. Świerczów";"namysłowski";"opolskie";7;7;7;0;5;0;0;1;1;1;2;0;2;0;2;2;0;0;2;1;1;0;0;0;1;4;47;16;3;3;5;2;1;0;3;67;2;53;2;4;0;0;2;0;0;1;2;0;0;5;72;5;3;6;4;6;3;3;1;3;0;4;3;8;1;0;0;3;0;0;0;1;0;0;159;225;135;77;45;12;1;4;5;3;0;0;1;4;1;1;1;14;1;1;1;2;0;17;33;10;4;3;2;4;2;77;3;1;5;0;2;0;2;1;1;0;0;2;0;1;0;0;83;15;53;11;3;8;3;8;206;3;5;12;1;2;3;4;0;0;6;2;3;2;1;16;7;1;0;0;0;1;1;0;0;0;0;0;1;1;0;3;3;1;0;0;0;4;0;0;0;0;0;0;0;0;0;1;0;0;0;0;0;0;0;0
160605;"gm. Wilków";"namysłowski";"opolskie";7;7;15;2;3;3;1;2;1;2;3;3;0;0;0;2;0;1;3;1;7;0;0;0;0;0;72;13;5;7;11;7;2;0;1;282;0;13;0;0;1;2;3;3;2;1;4;2;3;9;76;7;1;6;0;6;3;6;3;1;6;11;3;4;0;5;1;1;0;1;1;3;1;1;246;224;76;144;25;20;7;4;7;14;1;2;3;6;2;1;1;9;2;4;14;4;2;8;53;10;7;15;6;2;0;42;2;1;4;0;3;1;5;1;1;0;0;0;0;2;2;0;126;23;44;12;4;8;8;5;154;1;4;8;3;2;0;1;0;2;19;6;5;3;0;23;10;0;1;0;1;0;2;11;1;4;2;1;0;1;2;2;1;0;0;0;0;0;0;0;0;0;0;1;0;0;0;0;0;0;0;0;0;0;0;0
160701;"gm. Głuchołazy";"nyski";"opolskie";23;23;33;19;8;5;3;11;10;8;10;3;4;3;1;15;4;2;8;4;4;2;2;1;4;9;466;85;81;239;70;59;12;8;16;11;10;76;8;10;4;11;41;12;19;4;13;7;11;16;382;39;42;26;4;14;31;11;76;5;11;13;14;25;5;18;14;6;11;3;2;16;5;8;1162;399;1078;449;97;61;14;8;20;588;13;4;5;11;5;5;7;6;651;11;12;11;5;12;259;49;23;151;22;45;7;17;8;8;15;5;13;8;13;0;1;0;2;5;2;21;4;9;1055;103;267;48;1316;53;29;34;25;4;29;13;17;7;3;23;4;7;10;12;593;7;2;91;39;7;9;7;4;3;11;5;26;9;3;1;2;4;2;7;7;0;3;0;0;1;0;1;0;0;1;1;5;1;1;1;1;0;0;0;0;0;0;3
160702;"gm. Kamiennik";"nyski";"opolskie";5;5;5;2;3;0;0;0;0;1;2;2;1;0;0;0;0;0;0;1;2;0;0;0;1;0;34;4;8;74;6;4;2;1;1;2;3;2;0;3;3;2;2;2;1;0;4;2;0;3;43;13;7;6;0;3;2;1;2;1;2;0;1;5;2;1;0;1;1;0;0;2;0;0;224;239;209;64;17;9;11;18;18;4;0;3;0;0;1;2;2;1;1;1;3;3;6;1;45;8;6;11;3;19;4;2;1;5;3;0;3;0;6;1;0;0;1;0;0;5;0;0;137;14;16;4;75;4;1;4;4;0;2;2;1;0;0;2;1;0;0;0;1;1;1;8;7;0;0;3;0;0;1;0;0;0;0;0;1;0;1;0;2;0;0;0;0;0;0;0;0;0;0;0;0;0;1;0;0;0;0;0;0;0;0;0
160703;"gm. Korfantów";"nyski";"opolskie";17;17;16;4;5;0;2;0;7;2;6;5;2;1;0;3;0;1;1;0;0;0;0;0;2;1;92;73;20;91;8;35;4;2;1;2;2;18;3;3;2;5;9;3;5;0;3;0;1;3;99;11;3;11;2;5;10;5;4;0;1;7;1;4;1;2;2;4;4;1;0;2;1;0;469;397;590;120;66;61;181;3;10;14;4;0;5;6;0;2;1;1;8;5;6;2;2;5;152;35;15;34;14;13;9;0;8;6;8;4;2;4;12;6;0;0;0;4;0;8;3;8;233;76;115;12;152;17;9;15;12;0;28;10;5;2;2;5;3;18;4;3;2;1;0;45;30;10;1;9;7;2;5;1;2;9;2;1;2;3;3;4;74;9;5;2;3;3;8;9;1;1;4;0;2;1;1;0;1;1;0;2;1;1;0;2
160704;"gm. Łambinowice";"nyski";"opolskie";11;11;14;4;4;1;2;5;3;3;1;2;0;1;0;2;1;3;1;0;3;1;0;1;1;3;88;67;13;74;13;52;9;4;3;3;0;17;1;7;0;2;12;2;7;0;8;2;4;2;124;26;9;9;3;7;12;6;3;1;4;2;5;5;1;2;5;1;2;2;1;1;4;0;437;278;297;130;204;40;37;2;20;16;1;1;4;0;1;0;2;4;3;4;2;6;1;8;136;18;26;27;8;27;6;3;3;1;10;0;5;2;9;5;0;2;0;1;1;0;5;3;248;55;103;20;217;18;11;6;3;2;20;7;5;3;3;4;6;3;4;4;3;1;1;78;20;2;3;3;1;2;1;0;0;5;5;1;1;3;2;5;15;1;1;1;0;5;1;2;1;4;0;1;0;3;0;3;0;0;0;0;0;2;0;1
160705;"gm. Nysa";"nyski";"opolskie";41;41;66;39;17;6;12;21;15;9;22;11;10;4;10;19;14;6;7;6;8;5;2;8;7;17;1051;178;150;763;80;191;51;28;32;30;25;129;9;28;12;26;307;16;42;17;53;16;28;55;1202;97;69;87;14;32;67;35;70;13;19;22;36;65;9;34;16;19;15;4;6;12;24;25;3250;2298;2274;1036;455;282;196;22;77;309;9;8;29;23;9;23;12;9;69;24;67;20;13;48;625;95;80;306;48;438;27;23;23;18;36;5;34;11;29;23;8;8;2;17;7;22;8;26;2400;290;338;157;6675;123;58;55;24;13;81;37;27;13;7;21;10;12;23;26;85;22;11;290;133;12;11;9;15;4;19;6;9;20;14;7;18;98;0;24;33;3;2;3;1;1;0;4;2;0;7;0;3;0;1;0;0;1;2;0;0;0;1;2
160706;"gm. Otmuchów";"nyski";"opolskie";15;15;39;9;9;0;2;5;6;3;6;5;5;0;1;4;0;0;3;0;1;0;3;1;1;2;229;49;23;225;21;42;17;9;10;7;3;39;2;4;3;13;20;5;11;2;29;2;6;7;201;24;29;12;2;4;21;4;5;4;8;13;1;15;3;10;2;2;1;0;2;3;1;3;774;952;685;347;78;52;22;13;20;49;5;2;3;6;3;3;4;3;13;6;6;4;1;7;174;22;30;46;16;57;9;5;6;13;23;1;4;6;9;4;5;3;0;9;2;8;2;9;611;49;111;23;663;38;13;5;6;8;13;11;1;0;3;2;3;2;5;7;12;5;10;36;39;5;0;3;1;4;4;2;4;2;0;0;1;16;0;7;4;0;0;1;0;1;0;1;1;0;1;0;0;0;0;0;0;0;0;0;1;0;0;0
160707;"gm. Paczków";"nyski";"opolskie";16;16;29;6;2;4;2;5;4;4;5;2;3;0;0;1;2;2;1;2;1;2;0;3;3;6;189;46;18;139;28;23;5;4;10;1;4;34;11;2;3;12;22;7;14;3;21;2;6;13;226;21;11;24;4;3;16;8;11;3;8;4;7;6;2;5;1;4;1;0;0;3;4;1;871;641;319;499;77;41;13;6;11;21;0;5;7;12;8;4;3;4;7;9;8;8;2;14;175;24;15;56;15;29;7;2;13;11;18;5;8;4;7;2;4;0;0;2;2;8;9;3;611;52;182;41;410;45;21;6;6;3;55;10;2;6;3;7;1;1;4;6;12;6;1;68;37;3;3;1;3;1;2;4;1;5;2;1;3;6;0;4;4;0;0;0;0;1;1;0;0;0;0;0;1;0;0;0;0;0;1;0;0;0;0;0
160708;"gm. Pakosławice";"nyski";"opolskie";6;6;6;1;0;0;0;1;0;0;3;1;2;0;0;1;1;0;0;1;0;0;0;0;0;0;35;9;3;133;5;6;2;0;0;0;0;8;0;1;0;0;5;0;3;2;5;0;1;3;40;7;7;0;2;3;7;1;3;2;2;0;3;13;0;1;0;0;2;1;2;0;1;0;209;232;285;57;46;17;7;2;14;13;0;2;2;2;0;0;1;0;0;0;7;1;4;2;53;5;7;10;2;22;5;3;4;3;3;0;0;2;4;2;2;2;1;2;0;1;0;4;111;4;28;14;143;6;4;5;4;0;5;2;0;2;0;0;0;1;2;1;2;2;1;39;8;3;2;2;3;0;1;0;0;1;1;0;0;1;0;3;0;0;1;0;0;0;0;0;0;0;0;0;0;0;0;0;0;0;0;0;0;0;0;1
160709;"gm. Skoroszyce";"nyski";"opolskie";8;8;10;7;3;3;1;3;4;1;3;2;0;1;0;3;0;0;3;2;5;0;0;1;0;2;67;36;15;205;6;18;1;0;3;2;1;11;2;5;2;1;5;3;0;1;3;2;4;5;90;12;3;5;0;0;16;4;3;1;1;4;4;7;0;10;1;1;2;3;1;2;2;2;314;569;234;105;57;26;3;36;170;7;3;1;1;3;0;0;3;1;1;2;2;0;3;3;94;12;9;33;7;9;6;4;5;9;6;1;1;1;6;4;2;0;0;3;1;5;0;3;216;36;65;38;168;17;7;6;7;5;6;4;4;0;1;6;1;3;4;0;2;1;0;51;8;2;1;3;0;0;0;0;0;1;2;1;1;0;0;0;2;0;0;0;0;0;0;0;0;0;0;0;0;0;0;1;0;1;0;0;0;0;1;1
160801;"gm. Dobrodzień";"oleski";"opolskie";7;7;13;3;6;2;3;8;1;5;4;1;3;0;0;30;1;5;2;1;4;2;0;0;2;1;224;70;26;15;25;24;4;13;4;4;6;26;0;3;26;5;11;14;2;3;5;0;2;2;101;9;11;12;3;4;9;5;4;1;6;0;3;7;1;5;3;4;2;1;0;2;5;2;299;404;59;73;91;42;6;8;10;9;3;3;4;5;4;1;5;4;0;10;6;88;0;5;166;12;12;20;8;4;11;4;4;1;7;2;3;2;8;3;3;1;0;1;10;11;3;11;431;78;156;21;29;20;19;20;6;8;20;18;5;8;1;2;9;115;115;1;6;3;1;31;54;4;5;3;10;1;3;2;3;5;3;1;2;5;22;2;186;41;10;8;26;24;6;2;8;32;3;1;3;1;33;1;6;1;0;0;2;1;0;21
160802;"gm. Gorzów Śląski";"oleski";"opolskie";10;10;9;1;3;2;1;6;3;5;3;0;1;1;1;3;0;1;2;0;0;0;0;1;0;6;96;27;54;10;48;5;8;31;5;1;2;10;3;2;1;2;0;3;6;2;4;1;2;5;92;12;11;3;2;2;3;7;3;0;6;1;4;0;0;2;0;1;1;2;1;1;1;3;276;482;104;62;134;21;6;5;4;5;3;4;1;7;1;3;3;3;2;3;8;1;9;4;94;11;12;12;7;8;4;6;4;0;7;2;1;0;4;0;1;0;1;2;1;1;0;4;137;26;50;8;8;6;3;7;7;9;13;14;0;1;1;6;5;6;517;2;0;3;2;36;27;0;1;0;4;2;6;2;2;2;0;6;1;0;0;1;72;23;6;4;134;5;2;1;2;70;3;0;0;1;0;1;1;0;0;0;0;0;2;6
160803;"gm. Olesno";"oleski";"opolskie";25;25;33;14;9;1;4;13;8;11;2;2;1;3;1;2;1;0;2;3;1;7;1;5;6;12;429;88;192;20;77;58;18;59;9;10;12;44;2;10;18;11;9;19;11;15;8;6;6;21;315;33;22;28;3;8;25;21;9;4;9;4;6;6;6;11;21;5;7;3;2;2;5;5;581;651;192;200;278;38;7;4;24;14;8;7;4;7;5;2;5;6;1;7;7;13;2;14;307;24;24;12;12;13;10;32;5;5;16;2;3;7;3;1;1;0;3;5;2;10;5;44;842;85;238;38;18;47;36;36;25;19;40;23;12;7;4;4;3;81;827;4;4;9;3;159;102;10;4;8;6;3;9;6;6;12;4;2;9;5;8;6;143;33;6;7;243;9;3;0;5;459;12;1;1;2;6;0;2;1;1;0;2;5;1;4
160804;"gm. Praszka";"oleski";"opolskie";15;15;23;5;8;5;4;11;5;2;5;2;3;10;4;5;1;1;3;1;0;0;0;35;4;5;261;120;81;19;116;45;10;512;11;7;11;26;8;8;6;9;16;7;9;3;3;4;8;10;311;47;13;17;7;7;24;15;16;4;63;12;3;21;3;17;4;4;7;0;1;7;3;9;889;575;367;259;513;96;18;10;28;18;13;12;6;40;6;3;9;3;6;16;19;12;8;27;181;25;22;16;11;13;12;7;4;3;9;5;4;3;10;8;6;3;0;9;1;16;1;12;702;100;166;27;14;44;23;12;33;26;9;19;12;5;0;3;0;2;664;4;5;14;3;38;40;4;4;4;7;0;6;4;4;6;2;2;2;2;3;9;6;1;0;0;7;0;1;0;0;3;0;0;0;1;1;0;0;0;0;0;0;1;0;0
160805;"gm. Radłów";"oleski";"opolskie";3;3;7;1;0;1;2;1;1;1;0;1;0;1;2;0;1;0;0;2;0;0;0;0;0;0;46;8;8;4;10;5;1;18;1;0;1;5;0;1;5;2;2;3;4;0;1;1;0;4;25;6;6;1;2;4;6;4;0;0;0;2;1;2;0;0;4;0;0;1;0;1;0;1;124;175;16;50;43;10;1;3;3;4;2;0;1;2;0;3;3;1;2;3;3;3;0;3;57;7;5;3;3;2;1;3;3;1;2;0;0;0;1;0;0;0;1;1;1;4;0;3;79;6;6;5;3;3;2;0;3;3;2;6;0;2;0;0;0;14;116;0;0;0;0;7;16;5;0;2;1;0;5;0;0;5;1;0;0;0;2;2;23;9;0;2;593;2;1;0;0;14;1;0;0;0;0;0;1;0;0;0;0;4;0;0
160806;"gm. Rudniki";"oleski";"opolskie";5;5;21;3;10;0;4;6;2;6;8;6;1;1;0;6;1;0;2;2;2;2;0;1;6;2;242;33;30;21;71;37;9;209;11;4;1;43;2;9;2;6;11;8;7;2;7;6;5;13;147;38;11;13;6;4;9;17;8;3;21;8;4;13;1;12;4;6;1;1;0;0;2;6;509;861;94;90;193;25;9;4;17;12;8;2;2;27;7;2;4;5;5;9;11;8;1;11;114;16;9;7;5;10;8;2;1;3;4;0;2;0;3;5;3;1;1;2;2;7;2;6;332;60;39;22;11;33;9;18;8;4;11;10;6;3;1;6;3;0;243;2;3;1;0;33;23;6;3;4;2;1;5;2;0;4;4;0;3;3;1;4;3;2;0;0;5;0;0;0;0;0;0;0;0;0;0;0;0;0;0;0;0;0;0;0
160807;"gm. Zębowice";"oleski";"opolskie";4;4;0;1;2;0;0;0;0;12;0;1;1;0;0;2;0;0;0;0;1;1;0;0;0;1;47;17;9;8;9;7;0;2;2;0;0;5;0;1;2;0;3;5;3;1;1;0;0;5;38;5;2;1;1;0;2;1;0;1;0;0;0;3;1;1;0;1;0;0;2;0;2;1;94;76;25;18;48;10;0;2;3;0;0;0;1;1;0;0;0;0;0;2;3;13;0;0;42;8;4;8;7;5;0;4;2;0;5;0;0;2;0;1;1;0;0;0;2;5;0;2;109;52;39;7;2;6;7;15;2;1;3;3;0;1;0;0;1;21;42;0;0;3;0;22;17;4;0;1;5;3;1;0;0;3;0;0;1;0;41;0;99;9;3;2;18;7;0;1;0;10;3;0;0;0;152;0;1;1;1;0;0;1;0;1
160901;"gm. Chrząstowice";"opolski";"opolskie";6;6;12;4;2;0;1;2;0;0;1;0;3;6;0;0;1;0;0;3;0;0;0;0;0;3;189;79;26;15;14;16;2;3;7;2;3;12;5;2;4;4;3;8;6;4;6;2;4;6;141;13;14;7;0;1;12;3;5;4;2;0;4;9;1;5;1;1;3;0;1;1;1;1;168;124;20;73;234;40;1;1;4;5;2;1;1;2;0;0;0;2;0;0;7;1;0;3;120;17;11;17;4;5;5;4;2;1;3;0;2;2;8;2;1;0;1;4;1;2;2;2;361;155;316;19;20;24;9;48;10;2;14;5;3;3;1;25;6;48;10;7;5;9;5;149;20;2;2;5;2;4;3;1;1;2;0;1;0;1;1;0;101;496;7;1;2;12;2;1;4;0;2;1;0;9;0;0;2;1;1;2;0;3;0;10
160902;"gm. Dąbrowa";"opolski";"opolskie";11;11;18;16;11;0;1;1;2;2;4;2;3;0;0;2;1;0;2;0;2;0;0;1;2;2;160;295;29;8;16;29;5;3;4;3;1;9;3;7;1;8;2;5;14;9;4;3;2;6;182;18;25;8;1;4;15;6;4;0;2;6;2;4;6;7;0;1;1;1;0;2;2;3;384;360;55;103;127;60;3;5;6;2;3;1;2;2;0;0;1;0;4;3;22;2;7;13;124;24;11;14;7;6;8;3;3;0;7;0;5;6;2;2;1;0;0;6;0;4;1;6;382;148;323;21;16;29;10;99;32;3;44;7;7;4;2;31;6;7;9;3;7;3;3;250;27;4;3;4;7;3;2;0;2;3;0;2;1;1;1;5;194;43;6;2;2;10;1;0;0;0;2;1;0;1;1;0;78;0;0;1;6;1;1;5
160903;"gm. Dobrzeń Wielki";"opolski";"opolskie";6;6;19;5;5;1;7;5;4;1;7;1;2;1;0;1;0;2;2;0;1;0;0;1;1;3;226;130;34;19;28;25;27;7;8;5;3;50;2;6;4;7;8;10;6;5;14;3;5;1;156;23;23;19;3;0;13;2;3;5;4;4;1;7;3;11;3;3;3;1;1;2;5;1;272;191;45;55;81;42;0;5;5;8;1;0;1;2;0;2;0;1;2;2;12;7;0;12;171;21;21;18;12;5;5;8;2;4;7;0;3;1;5;3;2;0;0;6;0;6;1;2;409;160;307;22;20;64;11;94;171;4;311;5;4;8;2;12;6;31;12;6;5;6;2;148;32;1;4;5;5;12;9;4;1;4;1;32;1;0;1;2;320;128;13;3;5;15;2;0;4;3;5;0;1;6;2;2;3;0;2;8;85;3;2;16
160904;"gm. Komprachcice";"opolski";"opolskie";7;7;11;6;4;3;2;5;3;1;2;1;2;0;2;0;0;0;0;2;2;1;2;0;0;3;194;100;34;12;21;25;12;6;4;6;1;22;7;6;4;16;9;8;7;2;8;2;1;7;164;13;17;19;6;5;7;0;8;2;1;1;8;2;5;9;5;2;3;2;4;2;1;3;279;266;42;72;121;46;2;4;9;1;3;2;4;1;0;1;2;2;3;2;7;1;1;7;147;15;26;13;6;3;3;5;2;5;1;0;8;3;5;0;4;0;1;2;1;3;1;2;398;157;401;19;5;40;15;101;18;5;15;2;5;4;1;24;9;12;4;7;8;1;6;300;33;3;3;3;1;5;1;0;2;1;4;6;3;1;8;1;598;42;5;2;4;49;1;1;2;2;1;0;0;3;0;0;2;1;0;0;3;3;1;2
160905;"gm. Łubniany";"opolski";"opolskie";9;9;6;7;4;2;7;2;2;2;2;0;0;3;0;2;1;1;1;1;2;2;1;2;1;11;250;177;30;14;35;29;8;7;7;2;9;27;8;3;1;8;3;9;6;10;13;4;3;7;189;25;16;11;1;4;11;5;7;0;7;3;5;8;3;12;1;7;4;2;0;4;2;2;243;324;61;68;121;46;1;4;2;2;2;2;2;2;1;3;2;2;0;2;1;1;0;4;167;16;15;14;8;8;5;4;4;7;9;1;3;0;4;0;0;0;0;2;2;2;0;1;477;212;415;18;12;51;15;197;32;11;38;9;5;5;9;35;5;31;40;4;2;5;4;223;55;2;2;4;0;9;3;2;1;0;1;18;2;1;3;2;239;132;11;6;3;16;2;0;10;4;2;0;1;1;2;0;11;1;1;139;39;1;2;2
160906;"gm. Murów";"opolski";"opolskie";8;8;4;5;4;0;1;1;0;2;1;0;2;0;1;2;0;0;0;0;0;0;0;0;1;4;66;43;24;9;7;9;0;0;1;1;0;43;3;2;2;2;7;5;4;2;7;0;3;2;79;6;13;5;3;2;8;2;2;2;3;0;3;5;0;3;3;0;2;3;0;3;2;1;163;178;39;39;52;18;1;2;3;0;1;0;0;5;2;1;1;1;0;3;3;2;1;2;65;11;11;8;14;3;2;6;3;5;4;0;3;4;2;0;1;0;0;1;0;0;1;2;127;43;93;3;5;342;7;7;11;2;9;1;0;1;1;2;0;4;23;1;0;12;1;52;11;3;3;4;1;2;1;1;0;0;1;5;1;0;2;3;203;69;3;3;2;6;0;1;14;3;0;0;3;0;0;4;1;4;1;2;5;0;3;3
160907;"gm. Niemodlin";"opolski";"opolskie";15;15;15;8;4;2;7;17;5;3;4;3;3;2;1;4;1;4;8;3;1;2;0;2;2;4;154;234;30;34;14;183;8;6;11;5;5;21;5;15;3;11;10;8;11;0;7;6;5;2;232;38;22;14;5;8;104;6;8;5;11;11;10;14;7;13;4;3;12;5;1;5;4;12;930;453;130;218;213;89;8;2;16;4;4;1;95;7;2;2;6;1;5;6;6;3;226;9;286;33;25;30;16;19;8;6;5;5;13;6;6;6;15;5;3;0;1;4;1;8;5;6;526;159;315;25;86;33;15;36;27;4;135;10;10;3;5;10;7;3;7;8;12;6;3;355;70;9;2;8;2;9;9;2;4;2;10;4;10;3;5;4;25;0;1;2;1;0;0;0;2;0;2;0;0;2;2;1;2;0;0;2;0;2;2;5
160908;"gm. Ozimek";"opolski";"opolskie";17;17;30;8;36;1;6;7;8;6;4;2;3;1;4;6;2;1;3;1;6;3;2;1;0;5;354;348;68;23;37;33;8;6;10;25;5;35;5;6;10;12;14;108;9;5;11;5;8;17;345;49;37;27;11;7;31;8;8;8;10;10;19;20;2;15;7;3;4;1;2;4;3;9;697;494;103;196;521;168;10;6;11;14;3;7;5;12;2;3;0;4;3;5;16;10;3;9;290;39;23;23;15;11;7;8;13;3;7;4;4;9;10;0;4;1;1;8;1;10;4;4;904;319;481;40;49;56;23;161;23;10;31;13;21;9;0;25;16;112;39;3;6;281;6;252;88;9;5;8;4;2;13;5;2;10;1;4;3;3;8;6;291;330;12;10;9;10;2;1;4;7;6;2;2;14;22;0;3;0;2;15;6;1;6;13
160909;"gm. Popielów";"opolski";"opolskie";11;11;9;7;1;1;1;6;3;3;3;1;1;0;3;3;0;2;0;1;1;1;1;0;1;1;152;91;12;11;17;20;156;1;1;3;2;32;5;3;0;5;3;1;4;2;8;2;3;6;94;10;10;12;0;4;10;1;2;3;0;6;3;7;3;9;2;7;0;1;2;4;1;3;357;331;47;36;77;31;3;0;7;5;2;1;3;5;2;2;9;0;1;3;5;2;1;21;103;21;10;13;14;3;3;5;3;5;4;1;4;2;3;2;3;0;0;2;0;5;0;4;346;99;188;51;14;44;9;40;67;4;81;6;5;2;1;7;1;16;17;4;4;6;1;68;27;2;3;8;4;1;1;0;0;1;2;13;3;0;0;0;239;96;13;1;1;7;4;0;3;2;2;1;0;3;1;1;6;0;1;1;30;10;0;3
160910;"gm. Prószków";"opolski";"opolskie";15;15;13;8;1;1;6;4;1;1;2;2;1;3;0;2;1;1;2;0;2;0;0;0;1;2;235;105;15;15;11;27;11;4;8;6;1;20;1;1;6;4;5;12;8;2;5;0;5;6;164;8;8;7;0;4;19;3;3;2;3;1;2;9;1;7;3;4;5;2;0;4;3;0;370;237;82;75;95;52;4;0;5;1;0;2;1;3;0;0;4;0;1;3;8;2;1;6;148;20;16;19;13;4;3;2;2;3;4;1;1;4;15;2;4;0;0;3;0;2;4;1;339;146;294;15;14;26;8;128;13;7;28;4;4;4;4;13;4;14;12;4;2;6;3;272;54;6;4;14;6;6;4;1;1;4;1;3;1;0;6;1;329;74;24;0;1;345;3;1;0;3;1;0;2;4;3;1;1;1;0;1;0;3;1;14
160911;"gm. Tarnów Opolski";"opolski";"opolskie";9;9;16;7;2;1;2;5;3;1;6;1;4;1;0;2;1;3;1;0;0;1;0;0;3;1;365;92;25;13;14;20;17;1;6;2;5;30;2;1;8;5;9;12;1;0;5;3;8;6;112;9;145;6;4;2;8;6;3;2;2;0;7;4;1;7;0;1;5;0;2;3;4;1;332;233;126;89;128;68;4;7;2;2;2;1;2;4;1;3;3;1;0;3;4;2;0;3;149;32;13;10;8;3;4;6;3;4;5;2;7;1;6;1;1;3;1;2;0;3;74;0;366;157;334;13;16;43;32;119;12;8;24;9;7;7;1;16;24;37;21;3;6;6;3;107;39;4;5;5;7;4;5;1;3;6;3;3;1;0;0;4;341;173;25;7;1;28;10;2;1;3;2;0;3;24;0;0;0;10;0;0;5;5;7;20
160912;"gm. Tułowice";"opolski";"opolskie";6;6;8;1;2;1;1;5;4;2;0;1;0;0;0;3;0;0;0;1;1;0;0;1;0;2;35;310;9;4;3;36;3;2;3;0;2;5;2;2;0;0;2;1;39;0;1;2;1;1;98;6;9;5;1;8;9;3;7;0;2;2;1;7;0;4;1;1;1;1;0;0;2;2;435;216;52;84;86;68;6;0;4;5;5;3;8;4;0;0;0;1;3;3;15;5;12;2;134;19;3;18;6;7;1;1;3;1;0;0;2;0;5;4;0;0;0;3;1;4;1;4;196;48;106;9;26;11;1;38;10;1;112;3;1;0;2;5;0;0;4;3;1;2;0;121;15;0;1;4;0;1;3;1;0;1;0;1;1;1;0;3;21;2;0;3;0;1;0;0;1;1;1;0;1;1;1;0;2;0;0;0;0;0;0;3
160913;"gm. Turawa";"opolski";"opolskie";12;12;13;1;3;0;1;3;3;2;2;2;5;1;0;1;0;0;0;0;0;4;0;0;1;54;218;147;51;11;59;23;8;8;10;9;7;26;10;7;2;5;5;8;5;0;17;1;3;2;222;21;15;16;4;8;18;5;4;3;1;6;4;6;4;17;15;2;5;0;1;5;2;6;288;259;52;87;166;68;2;0;6;3;1;3;2;2;1;1;1;2;1;7;6;1;2;8;174;20;20;16;9;6;6;2;4;1;6;1;3;1;6;2;2;0;1;2;0;3;1;3;488;166;416;24;19;44;17;121;20;11;43;7;4;3;4;29;5;29;67;3;5;11;3;206;52;3;5;5;0;1;2;2;2;3;2;2;2;0;8;5;370;208;6;7;3;14;0;1;14;4;2;1;0;0;10;0;3;0;5;7;57;2;0;4
161001;"gm. Biała";"prudnicki";"opolskie";19;19;12;6;5;3;3;1;5;4;5;3;3;0;0;1;0;3;3;0;0;5;0;0;1;6;199;64;14;31;25;22;6;4;7;2;5;18;3;3;2;5;7;11;9;0;5;2;2;6;92;14;5;11;1;1;18;3;2;4;3;3;2;8;2;3;1;1;1;0;0;6;1;0;272;267;464;65;64;30;3;4;3;6;5;1;3;2;2;3;2;1;1;1;6;5;0;10;151;26;24;23;14;14;2;3;8;2;5;3;3;1;16;8;4;0;1;1;0;3;1;7;286;74;204;23;37;24;13;29;19;3;36;9;1;0;3;3;3;89;11;24;10;2;2;119;31;4;7;1;5;3;4;1;7;6;4;1;4;7;3;5;427;53;95;10;3;24;28;233;4;3;5;5;16;1;2;1;0;1;3;2;1;10;1;20
161002;"gm. Głogówek";"prudnicki";"opolskie";18;18;13;9;5;1;6;7;2;2;7;0;8;0;2;5;1;3;3;2;0;8;1;1;1;4;216;48;23;11;28;16;4;2;5;9;8;27;0;2;3;13;6;5;4;1;4;1;2;8;146;14;14;16;4;0;12;2;5;3;7;3;1;7;5;5;3;5;1;1;4;5;0;2;414;233;454;140;209;34;10;8;7;13;274;1;1;2;3;4;2;1;0;4;3;2;4;10;208;19;19;30;9;15;4;5;8;4;14;1;9;3;12;3;4;1;2;2;0;5;4;5;324;78;229;21;13;13;84;12;10;2;10;8;9;14;43;5;4;43;21;638;8;1;2;120;37;8;8;4;5;0;5;1;3;2;0;1;1;1;4;5;271;55;285;4;5;17;58;3;10;2;24;5;147;4;1;1;0;2;4;0;0;1;5;13
161003;"gm. Lubrza";"prudnicki";"opolskie";9;9;7;0;1;1;5;4;1;1;4;1;1;0;0;1;0;0;3;0;0;23;1;1;2;1;119;36;36;27;22;17;4;0;2;6;2;16;0;2;1;4;4;6;3;6;4;0;6;2;70;5;7;4;2;2;2;5;5;1;1;3;1;0;0;2;0;3;2;1;1;1;0;6;178;110;464;33;44;10;4;0;3;3;15;1;0;1;0;2;1;0;0;1;0;0;1;5;73;9;10;13;4;4;7;6;12;2;10;0;4;3;3;0;0;0;0;1;0;1;2;0;145;31;112;7;43;12;12;9;4;3;16;3;2;2;2;3;1;5;3;34;1;4;0;50;29;5;2;4;0;0;2;2;2;1;1;0;1;0;1;1;24;10;10;2;1;2;3;6;0;0;11;0;1;0;1;1;0;0;0;0;2;0;0;1
161004;"gm. Prudnik";"prudnicki";"opolskie";27;27;29;19;14;4;9;19;8;6;11;7;3;4;7;11;7;1;3;5;3;13;1;2;7;15;567;142;208;90;60;82;18;13;12;18;10;71;11;16;11;19;33;18;20;2;20;8;14;38;564;36;49;38;13;10;35;21;36;6;11;9;17;27;3;33;7;13;11;3;4;7;9;14;1135;601;2958;250;175;53;8;11;16;20;93;6;4;7;4;4;5;2;7;5;8;6;9;47;407;42;73;109;38;30;9;16;53;8;26;12;18;6;27;12;6;3;5;9;3;12;6;15;1268;355;715;72;226;95;43;42;32;11;88;25;20;13;14;15;5;12;16;174;59;9;12;189;103;15;12;24;10;1;5;13;20;13;5;9;8;4;7;5;23;6;10;1;1;1;2;14;1;0;1;2;9;1;0;0;0;0;0;1;0;0;0;3
161101;"gm. Izbicko";"strzelecki";"opolskie";9;9;5;3;1;2;0;4;1;2;0;1;1;1;1;1;2;0;0;0;2;0;0;0;0;1;168;29;22;6;12;4;3;0;1;3;1;5;0;3;15;3;1;8;2;1;3;1;2;1;73;4;22;10;2;1;12;4;1;0;2;3;1;1;1;3;2;2;1;2;0;3;0;1;155;131;34;62;65;14;3;2;6;1;3;2;4;1;0;2;2;3;0;1;5;5;2;1;84;13;6;5;6;4;1;0;1;3;1;2;3;3;3;1;0;0;0;0;2;1;9;0;154;58;136;6;7;13;7;49;12;3;2;7;2;4;1;6;0;131;30;1;3;1;2;47;30;3;6;5;18;6;3;1;1;2;0;11;2;2;1;2;158;41;6;20;1;3;0;2;0;1;3;1;1;244;0;0;0;3;2;0;0;4;2;64
161102;"gm. Jemielnica";"strzelecki";"opolskie";9;9;9;3;5;4;1;2;0;1;2;0;1;1;0;3;0;0;0;0;2;0;0;0;4;0;152;18;10;3;4;8;0;0;2;0;2;7;1;1;267;2;1;8;0;1;1;1;1;3;69;9;18;3;1;5;4;3;2;1;3;1;5;2;0;1;1;2;3;0;2;0;1;1;295;204;61;58;80;20;4;4;14;7;3;3;3;7;2;1;11;0;2;5;9;4;1;7;127;19;17;11;4;3;3;1;3;2;5;0;4;0;3;2;1;1;1;1;1;3;1;4;210;48;78;8;3;7;16;8;19;2;4;6;2;4;0;1;1;154;25;4;2;4;1;34;43;5;5;7;21;4;5;0;5;1;0;1;0;0;2;2;64;11;1;5;1;0;0;0;0;0;1;0;0;10;0;1;1;0;0;0;0;0;0;595
161103;"gm. Kolonowskie";"strzelecki";"opolskie";6;6;5;1;5;0;1;1;0;1;1;3;2;0;0;1;1;2;2;1;1;0;0;1;1;1;165;29;19;5;10;8;0;2;0;4;1;6;0;0;15;0;3;6;0;2;1;2;1;3;55;13;1;7;1;0;12;2;1;1;4;2;2;1;0;6;1;0;0;0;0;2;1;1;217;134;40;50;85;30;2;1;8;5;3;3;1;4;2;2;6;1;1;5;4;0;0;5;93;7;2;4;2;1;4;4;0;0;5;0;3;2;3;1;3;0;0;1;1;3;1;0;127;45;75;5;3;7;7;8;2;1;2;1;1;0;0;5;3;541;17;1;0;2;0;11;30;1;2;5;2;1;1;2;3;1;1;2;0;0;3;2;127;93;3;3;0;6;0;0;1;1;1;0;1;16;5;0;2;3;2;2;2;1;0;85
161104;"gm. Leśnica";"strzelecki";"opolskie";10;10;13;5;0;1;1;3;2;2;3;0;2;0;1;3;2;1;1;2;4;1;0;0;1;4;199;33;31;5;15;22;6;2;1;2;2;12;1;2;8;10;4;11;2;1;3;3;5;2;82;10;4;13;1;2;5;2;4;0;5;2;2;2;0;3;0;2;6;0;1;4;3;0;282;185;93;70;84;32;4;5;2;5;10;10;7;9;2;0;5;3;9;2;8;3;1;7;122;18;10;11;10;4;1;0;3;1;4;1;5;1;4;1;1;1;0;2;0;3;0;1;258;55;150;5;6;21;111;30;5;2;8;2;7;16;1;6;1;151;46;1;1;4;2;39;24;1;1;7;38;0;1;1;5;2;2;3;1;0;2;2;118;24;16;570;0;4;10;0;0;1;1;1;0;19;0;1;0;0;2;1;0;5;2;36
161105;"gm. Strzelce Opolskie";"strzelecki";"opolskie";33;33;70;18;21;10;11;17;15;5;19;6;14;0;4;13;1;7;5;7;7;4;4;3;26;7;1254;108;78;31;60;70;13;11;18;19;8;59;14;23;135;18;13;49;16;4;14;9;12;16;562;55;118;55;12;8;36;15;21;7;15;13;19;24;4;24;11;14;11;8;19;7;5;16;1200;584;211;343;754;164;25;18;32;25;18;14;13;28;14;13;78;9;16;17;28;16;3;37;468;68;39;39;26;32;10;16;11;8;16;5;15;9;18;3;4;5;3;5;6;19;9;13;2006;424;728;94;71;127;94;134;69;13;48;39;25;23;8;38;6;897;157;17;26;28;4;466;116;11;16;18;37;8;18;1;6;6;9;3;4;5;6;9;337;89;15;112;6;15;7;1;5;4;7;4;0;57;2;0;3;12;6;2;2;4;4;402
161106;"gm. Ujazd";"strzelecki";"opolskie";9;9;8;4;2;1;2;3;2;4;6;0;2;0;1;3;0;1;2;2;2;5;0;1;9;3;175;28;14;11;7;15;8;4;2;4;1;15;3;3;39;7;5;18;2;0;4;1;4;3;66;7;5;9;2;1;8;2;5;0;0;0;1;1;0;6;1;4;1;0;1;2;2;0;283;129;54;48;182;15;7;7;12;8;13;2;3;9;4;5;10;3;4;5;1;2;0;5;105;5;10;14;5;8;2;3;9;1;4;1;9;2;5;3;4;0;0;4;0;7;2;5;276;29;67;17;17;16;44;31;15;4;6;2;2;16;2;1;2;171;48;5;6;1;0;31;31;3;4;8;4;4;7;3;1;5;1;9;3;2;1;0;119;24;9;80;3;7;3;1;0;3;6;3;0;15;2;0;0;0;2;2;2;1;5;126
161107;"gm. Zawadzkie";"strzelecki";"opolskie";5;5;20;9;6;0;3;2;3;0;5;1;3;3;1;7;0;0;3;2;4;0;0;1;4;3;281;25;36;3;13;20;7;1;2;3;1;31;3;6;16;6;9;8;3;4;6;1;3;8;130;21;13;11;5;1;8;3;5;0;2;8;9;5;1;3;3;1;4;1;0;1;1;0;467;295;519;87;62;50;3;8;11;9;12;6;7;11;9;2;11;4;2;4;18;10;3;6;171;18;17;12;8;7;4;4;5;5;5;0;6;7;7;3;1;0;1;0;26;11;3;4;353;57;190;19;7;18;18;33;6;2;6;10;4;1;1;6;3;543;23;1;2;10;2;32;90;3;9;8;11;7;15;5;4;9;5;12;3;0;1;9;81;26;13;11;0;2;5;1;3;3;1;3;2;7;2;0;2;1;1;1;0;0;0;260
166101;"Opole";"Opole";"opolskie";85;85;215;150;46;26;50;78;41;28;37;33;32;12;20;38;13;11;24;18;25;14;9;9;25;62;3875;1641;717;166;362;449;122;68;155;58;56;307;85;72;40;69;115;94;102;31;169;35;78;100;4834;589;395;336;64;84;306;85;74;109;54;59;130;107;26;150;66;41;55;27;21;28;29;78;4887;4622;516;1919;2162;996;24;45;79;45;11;22;26;33;10;11;22;19;23;45;232;37;34;75;2537;349;289;280;130;87;44;53;35;28;94;20;50;39;64;30;17;17;13;43;8;69;38;52;9617;4112;8767;395;213;992;253;1911;352;102;644;113;156;89;81;1132;171;71;260;65;65;83;86;3689;436;48;42;207;31;29;31;24;22;35;26;37;20;14;23;29;755;284;65;22;10;74;7;11;12;20;17;2;4;11;6;1;17;9;0;17;189;72;11;52
